Frame,Latency_ms
1,30.2043
2,32.0829
3,32.3743
4,28.1980
5,29.3940
6,31.6298
7,29.6250
8,30.1597
9,28.5055
10,24.6423
11,26.6011
12,25.7041
13,25.4283
14,31.3661
15,25.7147
16,26.1643
17,25.8149
18,28.2838
19,24.1626
20,26.8751
21,26.0717
22,23.9973
23,26.0148
24,28.4754
25,25.6906
26,27.2232
27,26.6177
28,26.8855
29,28.9593
30,28.9567
31,25.1473
32,27.0830
33,25.7362
34,29.4451
35,26.5474
36,27.0441
37,27.5093
38,27.0498
39,25.7070
40,27.5346
41,26.1403
42,25.9173
43,28.1216
44,27.2912
45,27.8411
46,27.1106
47,25.8517
48,25.2738
49,25.4155
50,28.4891
51,30.5241
52,26.1708
53,25.6939
54,23.6798
55,26.1572
56,29.9771
57,25.1569
58,26.6709
59,24.8532
60,25.0308
61,24.5060
62,24.6488
63,24.3600
64,24.5441
65,26.6475
66,25.3945
67,26.2644
68,24.8482
69,24.9748
70,25.5672
71,30.2275
72,26.0538
73,25.7262
74,23.1968
75,24.4182
76,25.1473
77,23.8073
78,28.4194
79,22.9967
80,23.9249
81,23.2496
82,23.5890
83,25.7857
84,25.8434
85,25.1002
86,25.5015
87,25.8078
88,23.7150
89,29.4146
90,25.6759
91,25.2415
92,24.4583
93,28.2554
94,27.5421
95,24.6125
96,24.0423
97,25.0917
98,26.5238
99,25.2194
100,30.0172
101,25.4477
102,24.6806
103,25.4954
104,24.9370
105,24.9002
106,24.4460
107,28.1789
108,28.2824
109,23.9138
110,23.1851
111,25.2626
112,23.6456
113,24.3436
114,25.8310
115,23.7271
116,24.4310
117,22.2688
118,25.6968
119,25.4576
120,25.2726
121,26.9840
122,26.3371
123,24.5658
124,27.9530
125,25.1507
126,25.0817
127,25.6859
128,25.6963
129,24.9125
130,24.0368
131,24.4441
132,27.5281
133,25.0590
134,25.0437
135,26.6052
136,25.4346
137,26.4571
138,25.0105
139,24.8303
140,26.1030
141,24.8668
142,29.8768
143,25.1930
144,24.1390
145,26.4671
146,26.2043
147,27.2585
148,25.8975
149,26.5011
150,25.2859
151,26.2773
152,24.8029
153,26.0345
154,25.1351
155,25.9613
156,26.9399
157,26.0824
158,25.8648
159,26.8175
160,25.5656
161,24.1932
162,24.2277
163,25.5383
164,23.1589
165,25.5384
166,24.2232
167,24.4915
168,25.5456
169,26.5534
170,24.9983
171,26.0856
172,23.5110
173,25.3370
174,27.2683
175,24.8752
176,27.2808
177,25.7387
178,25.8746
179,25.4116
180,24.8658
181,28.0322
182,26.4539
183,24.4203
184,25.2787
185,25.3582
186,24.2191
187,25.2457
188,26.8037
189,24.5043
190,23.4192
191,26.2682
192,25.4488
193,25.1732
194,24.8385
195,23.7214
196,25.7821
197,23.8350
198,25.4807
199,24.6343
200,24.0704
201,26.0169
202,25.3873
203,24.1839
204,23.9821
205,29.2505
206,24.5944
207,24.8499
208,24.5114
209,24.6331
210,25.8384
211,24.2853
212,25.0048
213,25.5166
214,25.3100
215,24.3998
216,23.4782
217,24.9437
218,26.6367
219,26.3659
220,25.1146
221,25.8735
222,24.8758
223,24.7584
224,24.4307
225,25.8837
226,25.2104
227,26.3500
228,26.3682
229,24.5683
230,25.2658
231,26.2001
232,25.4423
233,26.8070
234,25.6069
235,25.7778
236,26.3488
237,25.8156
238,26.1586
239,25.6058
240,26.2668
241,29.8958
242,25.2694
243,25.6840
244,26.9145
245,26.6237
246,26.7678
247,25.2286
248,27.4293
249,24.6332
250,26.8249
251,26.1524
252,26.0476
253,24.2882
254,26.8655
255,25.3585
256,26.6417
257,26.2196
258,25.6738
259,27.4089
260,25.5543
261,25.4635
262,25.0046
263,24.5890
264,26.1555
265,23.9271
266,23.8587
267,24.9723
268,26.4533
269,24.7053
270,24.6318
271,24.6779
272,24.5359
273,28.1994
274,24.4266
275,26.3567
276,26.0600
277,26.9122
278,24.6837
279,25.1688
280,25.1208
281,24.5361
282,24.3817
283,25.5331
284,23.7725
285,25.7178
286,25.3607
287,25.5689
288,25.1386
289,24.8594
290,27.2854
291,26.7733
292,24.5525
293,25.0011
294,23.9621
295,24.4237
296,25.6204
297,24.9388
298,26.1735
299,25.4404
300,27.0585
301,25.4582
302,24.6351
303,24.7152
304,24.4842
305,24.9304
306,24.0148
307,23.9191
308,23.7222
309,23.8718
310,24.1866
311,23.7708
312,24.3034
313,25.2365
314,24.5655
315,24.8928
316,25.5435
317,24.7904
318,22.8074
319,22.8558
320,24.5824
321,23.4940
322,23.3694
323,24.4859
324,24.0345
325,24.1327
326,24.6141
327,25.8145
328,23.7782
329,24.7037
330,23.8439
331,24.7900
332,23.9437
333,25.6206
334,25.7555
335,24.5211
336,25.6023
337,24.2516
338,24.2743
339,24.5306
340,24.7994
341,24.8093
342,24.3082
343,25.1320
344,25.1759
345,25.9669
346,24.1616
347,26.0064
348,32.7539
349,25.1036
350,24.8929
351,24.0119
352,25.8189
353,23.9584
354,24.5068
355,24.0507
356,24.3976
357,24.2486
358,24.4186
359,24.1104
360,24.4596
361,23.9543
362,24.3491
363,23.8915
364,24.5923
365,24.5031
366,24.7367
367,23.6532
368,28.6465
369,23.0249
370,23.6463
371,22.6652
372,26.0271
373,24.1660
374,24.3064
375,24.0771
376,24.7877
377,24.2868
378,23.4689
379,25.1547
380,24.8492
381,24.8065
382,28.3961
383,24.4606
384,24.3540
385,25.0188
386,24.1182
387,24.9864
388,24.3584
389,25.2315
390,24.5457
391,24.9945
392,24.2445
393,24.5600
394,24.6538
395,24.5419
396,22.7275
397,25.1124
398,29.1816
399,25.3179
400,25.5107
401,26.1204
402,24.8898
403,24.1508
404,24.5281
405,25.1301
406,24.3543
407,25.3011
408,24.2055
409,24.9891
410,24.2228
411,25.5427
412,24.3440
413,23.6202
414,24.6220
415,24.6169
416,25.5504
417,25.6358
418,24.0225
419,24.4891
420,25.8908
421,24.2284
422,24.3376
423,24.3246
424,24.0375
425,23.0427
426,23.5156
427,24.7732
428,25.6546
429,24.2691
430,23.9655
431,22.9948
432,23.8749
433,23.6889
434,24.3656
435,25.1276
436,25.8349
437,25.5958
438,24.4307
439,24.0914
440,24.7866
441,26.9848
442,24.9910
443,23.8167
444,25.1515
445,24.4672
446,24.2309
447,25.4004
448,24.1031
449,25.6836
450,25.2079
451,27.1762
452,26.5344
453,26.8650
454,26.6002
455,26.1271
456,25.5081
457,24.7925
458,23.8965
459,26.1757
460,24.6576
461,25.0793
462,23.5145
463,24.1179
464,24.0180
465,24.5911
466,24.1852
467,25.1908
468,24.8029
469,24.1259
470,24.1544
471,23.7652
472,23.8911
473,24.5787
474,25.1079
475,24.6059
476,26.0630
477,23.2113
478,24.3017
479,25.4069
480,24.5897
481,25.0849
482,23.6896
483,23.5434
484,25.1237
485,24.1398
486,23.8078
487,23.7823
488,25.2152
489,24.6879
490,25.2753
491,24.0626
492,26.4052
493,23.0020
494,24.5292
495,24.5660
496,23.1744
497,24.0085
498,25.2118
499,23.6911
500,24.8043
501,24.6560
502,25.5474
503,25.0875
504,23.6477
505,25.2122
506,24.1860
507,25.6789
508,25.2124
509,24.4680
510,24.5109
511,25.8272
512,24.2105
513,29.5383
514,22.7056
515,25.0544
516,24.9024
517,23.7752
518,24.5449
519,28.7172
520,26.4865
521,23.7854
522,24.1561
523,23.6078
524,24.9859
525,25.4416
526,24.2368
527,23.2170
528,25.8983
529,23.6665
530,24.1512
531,24.6510
532,23.3863
533,24.2414
534,23.9454
535,23.4923
536,25.5870
537,25.2600
538,24.4481
539,24.1650
540,24.4396
541,24.0169
542,26.0833
543,24.1015
544,25.8064
545,22.8901
546,26.0761
547,23.8346
548,25.5058
549,25.0330
550,24.7056
551,24.8282
552,24.6923
553,24.1587
554,25.7558
555,24.6182
556,25.2613
557,25.3815
558,26.3479
559,26.5611
560,26.3414
561,23.8182
562,24.6909
563,24.4428
564,24.3215
565,25.1636
566,24.2612
567,24.6242
568,24.0198
569,24.6574
570,24.1181
571,23.7074
572,23.9522
573,24.8542
574,22.7015
575,24.9761
576,24.5494
577,27.5541
578,25.0557
579,25.4749
580,24.9836
581,25.2562
582,23.5844
583,26.3591
584,23.4256
585,24.5634
586,23.8022
587,25.1650
588,24.1040
589,24.2461
590,27.8973
591,25.3836
592,23.9890
593,24.5626
594,25.2756
595,23.7383
596,23.3205
597,25.5834
598,25.2043
599,25.3526
600,24.9814
601,25.1792
602,24.3930
603,25.8201
604,24.9597
605,25.1111
606,24.4761
607,23.8560
608,26.2539
609,25.3243
610,24.3103
611,23.4128
612,25.7451
613,25.7696
614,23.7582
615,24.8672
616,26.8979
617,25.0598
618,24.9807
619,24.4042
620,25.5807
621,25.7690
622,24.9922
623,24.8030
624,23.3284
625,26.8197
626,25.0363
627,25.9319
628,23.5638
629,24.1734
630,26.6001
631,27.1785
632,24.6859
633,25.7939
634,25.5609
635,24.1145
636,24.7717
637,24.4919
638,23.7344
639,24.7064
640,23.5339
641,25.9711
642,25.6835
643,24.9141
644,26.3602
645,26.4047
646,23.9991
647,24.9523
648,23.5687
649,25.4009
650,25.8532
651,26.9869
652,24.6401
653,26.9133
654,24.0812
655,26.2178
656,26.1961
657,23.2090
658,24.3548
659,27.0641
660,26.8738
661,24.8725
662,25.7068
663,26.8178
664,27.7077
665,27.0453
666,26.8453
667,26.2493
668,25.7520
669,24.3923
670,24.1322
671,23.9864
672,25.1975
673,24.8866
674,24.9183
675,24.6576
676,25.1991
677,24.7445
678,25.0123
679,25.4289
680,25.2092
681,25.3501
682,26.1339
683,25.5003
684,25.0023
685,25.5322
686,25.9583
687,25.2434
688,24.8727
689,25.8504
690,25.5123
691,25.6330
692,23.8376
693,24.9130
694,23.7146
695,26.7347
696,25.2779
697,24.7225
698,23.7540
699,25.7662
700,25.4434
701,26.1975
702,24.7603
703,25.2394
704,24.9117
705,24.7191
706,23.6121
707,24.7410
708,25.7643
709,23.8767
710,23.2230
711,24.7580
712,24.7127
713,25.8916
714,26.5152
715,25.6992
716,26.3111
717,24.3624
718,24.2021
719,26.0411
720,25.4687
721,24.0737
722,24.9672
723,25.2449
724,24.3788
725,25.0168
726,26.1297
727,27.6368
728,25.3763
729,24.2277
730,26.0749
731,25.3033
732,26.1157
733,23.2869
734,27.3936
735,24.6221
736,25.5149
737,26.9020
738,25.0114
739,25.6737
740,27.0462
741,26.4102
742,25.9234
743,25.6232
744,24.3692
745,23.9518
746,24.9258
747,25.3981
748,25.4214
749,24.5409
750,24.7802
751,25.5050
752,29.4861
753,26.2008
754,24.6491
755,25.1078
756,24.9495
757,25.2628
758,26.2065
759,27.8953
760,25.9488
761,27.6344
762,25.1630
763,26.6857
764,25.7305
765,27.3003
766,25.8873
767,25.3183
768,26.3208
769,27.9521
770,25.7635
771,26.2396
772,25.1813
773,27.4406
774,25.4075
775,23.8191
776,24.6311
777,24.2066
778,25.6695
779,25.2780
780,26.8558
781,23.9959
782,24.7935
783,24.2006
784,26.1850
785,25.7639
786,24.8344
787,24.2810
788,26.9525
789,23.7203
790,24.4345
791,23.5400
792,25.3827
793,24.1578
794,23.8758
795,24.4112
796,24.5442
797,25.5822
798,25.9560
799,24.0338
800,25.1398
801,23.6988
802,24.8003
803,23.8918
804,23.7864
805,23.2432
806,24.7331
807,25.5173
808,25.5684
809,25.8492
810,25.3987
811,26.0497
812,23.8500
813,24.3444
814,24.6151
815,25.1247
816,25.7249
817,25.0798
818,24.1858
819,24.7458
820,25.0524
821,24.5158
822,25.2494
823,27.1833
824,24.7459
825,24.7171
826,24.0856
827,24.7173
828,24.1348
829,25.5985
830,23.0492
831,26.8684
832,30.1786
833,25.5770
834,24.9614
835,25.1277
836,23.7208
837,24.3990
838,24.8351
839,25.7096
840,23.2712
841,24.4664
842,24.2721
843,23.1312
844,24.1912
845,23.5028
846,24.8463
847,24.8134
848,23.9807
849,23.8896
850,23.8698
851,25.2945
852,24.6146
853,23.8857
854,25.2495
855,24.3496
856,28.6448
857,23.6897
858,25.2583
859,25.9097
860,24.8091
861,25.4154
862,25.5641
863,27.3729
864,24.6635
865,23.4237
866,25.7979
867,26.7825
868,24.9551
869,24.7393
870,23.8343
871,26.8089
872,25.6819
873,25.4140
874,27.2998
875,26.9625
876,24.6327
877,24.5669
878,23.4862
879,25.6935
880,23.4585
881,24.9088
882,25.4678
883,25.1201
884,24.8200
885,24.3057
886,24.1812
887,26.9050
888,24.0394
889,24.1605
890,24.5873
891,25.8169
892,23.6635
893,24.4586
894,23.7459
895,25.1731
896,25.3834
897,24.7210
898,24.4838
899,24.2921
900,25.1558
901,25.2180
902,25.1761
903,24.4140
904,26.7665
905,25.2024
906,23.9281
907,24.4333
908,25.8174
909,24.2578
910,25.5574
911,23.8523
912,25.3332
913,25.6643
914,23.6839
915,26.9251
916,24.1016
917,24.4278
918,25.8120
919,25.8161
920,25.2166
921,25.4244
922,25.5712
923,24.3872
924,24.0426
925,24.2771
926,29.3273
927,25.8233
928,26.2690
929,27.3129
930,23.1990
931,24.1777
932,25.5290
933,26.1760
934,23.8870
935,26.7341
936,29.3852
937,23.3640
938,24.4360
939,25.7737
940,24.4540
941,26.1016
942,23.9692
943,24.4197
944,24.1652
945,23.8958
946,27.8310
947,25.2374
948,24.2050
949,25.0626
950,23.2061
951,25.3680
952,24.2794
953,26.7357
954,26.4722
955,27.9952
956,22.8171
957,26.5126
958,23.9390
959,24.0770
960,25.5194
961,24.9059
962,24.0416
963,24.2481
964,25.3285
965,25.2662
966,26.4202
967,24.7058
968,24.9690
969,25.9352
970,26.2321
971,25.6714
972,24.8350
973,26.4139
974,27.4698
975,26.2056
976,30.6437
977,30.0007
978,25.6742
979,25.1414
980,24.1709
981,24.9236
982,23.3303
983,24.7759
984,24.6670
985,24.0384
986,24.4974
987,25.0667
988,24.5182
989,27.6140
990,22.9083
991,25.1922
992,24.3629
993,24.8165
994,24.6936
995,25.8036
996,24.6053
997,24.5266
998,22.3239
999,23.5585
1000,22.3189
1001,25.2874
1002,23.0603
1003,24.7695
1004,25.2051
1005,26.4804
1006,24.0049
1007,28.3648
1008,24.6219
1009,25.9069
1010,23.6232
1011,23.6378
1012,25.0018
1013,27.5320
1014,26.2675
1015,23.6126
1016,24.3402
1017,25.9371
1018,25.5256
1019,24.0859
1020,25.1431
1021,23.5766
1022,22.9157
1023,23.0625
1024,23.2643
1025,24.6724
1026,24.0079
1027,23.4360
1028,24.7017
1029,24.8171
1030,27.7604
1031,25.2969
1032,23.9368
1033,23.8039
1034,24.3139
1035,24.7682
1036,23.0095
1037,26.0412
1038,24.4662
1039,24.5657
1040,23.2174
1041,26.3211
1042,25.6159
1043,24.5198
1044,24.6026
1045,24.7279
1046,24.9709
1047,24.2913
1048,24.8835
1049,23.9205
1050,22.9529
1051,25.3148
1052,24.6865
1053,24.4144
1054,24.3412
1055,26.4892
1056,25.0374
1057,25.1929
1058,24.4161
1059,25.9914
1060,23.5877
1061,24.7566
1062,24.2713
1063,25.7026
1064,24.7084
1065,25.1374
1066,24.2449
1067,25.7368
1068,26.0655
1069,25.0639
1070,25.9762
1071,26.7307
1072,24.5671
1073,25.8821
1074,25.3371
1075,30.1979
1076,25.8538
1077,25.6023
1078,26.7895
1079,25.1018
1080,24.7995
1081,25.5732
1082,27.5024
1083,26.2435
1084,24.3015
1085,23.8261
1086,23.9489
1087,25.1154
1088,28.3966
1089,27.7391
1090,26.3322
1091,27.1777
1092,26.6610
1093,24.3073
1094,24.3422
1095,25.5943
1096,24.4373
1097,23.5687
1098,48.9137
1099,27.8572
1100,25.3639
1101,26.1413
1102,28.4238
1103,27.1618
1104,24.9019
1105,24.6762
1106,25.0128
1107,26.6053
1108,28.9410
1109,25.2280
1110,25.4527
1111,26.5250
1112,25.7588
1113,26.1751
1114,23.5962
1115,25.5804
1116,24.4109
1117,23.8754
1118,24.1055
1119,25.1509
1120,27.4979
1121,25.5224
1122,26.0109
1123,24.6103
1124,26.1394
1125,26.7188
1126,26.3328
1127,24.2131
1128,23.6244
1129,25.2203
1130,24.4263
1131,25.0336
1132,24.3554
1133,26.4653
1134,26.1719
1135,25.5946
1136,24.3530
1137,24.1771
1138,24.2708
1139,25.5864
1140,25.1629
1141,26.5331
1142,25.6780
1143,25.6845
1144,25.1668
1145,25.2583
1146,24.8274
1147,24.4044
1148,24.6654
1149,25.9183
1150,25.9127
1151,26.4349
1152,25.6737
1153,26.6379
1154,24.2718
1155,23.1865
1156,25.7588
1157,27.1305
1158,25.4648
1159,25.3644
1160,25.6717
1161,24.9412
1162,30.4234
1163,27.2810
1164,24.7264
1165,25.5972
1166,24.8475
1167,26.5643
1168,24.2782
1169,24.5835
1170,25.4483
1171,26.6891
1172,27.3368
1173,29.3458
1174,25.7643
1175,28.5232
1176,25.7335
1177,26.3831
1178,27.2014
1179,26.7375
1180,26.4044
1181,25.3854
1182,26.1449
1183,25.8740
1184,25.4194
1185,24.3226
1186,23.0142
1187,25.8514
1188,25.7155
1189,24.6605
1190,25.7217
1191,26.8513
1192,25.0832
1193,24.3038
1194,24.7371
1195,25.5088
1196,25.9134
1197,25.4288
1198,27.2945
1199,24.1549
1200,24.7068
1201,25.0165
1202,24.8905
1203,25.9542
1204,24.7257
1205,24.6643
1206,26.2608
1207,23.2722
1208,24.9864
1209,25.2285
1210,24.8207
1211,25.3112
1212,26.7694
1213,26.1741
1214,24.6815
1215,26.2373
1216,26.1277
1217,24.9427
1218,25.3737
1219,26.8476
1220,25.4952
1221,24.6221
1222,30.5513
1223,26.0850
1224,24.8796
1225,24.1423
1226,24.3928
1227,26.9528
1228,24.5421
1229,25.4830
1230,23.9462
1231,24.8926
1232,24.9330
1233,26.0354
1234,24.5707
1235,28.1896
1236,24.2439
1237,26.1763
1238,25.3917
1239,25.1861
1240,24.5411
1241,25.1019
1242,24.8651
1243,25.0509
1244,24.6574
1245,25.4130
1246,26.8183
1247,28.1910
1248,25.1679
1249,24.6585
1250,25.9796
1251,25.7696
1252,26.2672
1253,26.1556
1254,26.2313
1255,27.1635
1256,23.7581
1257,25.1846
1258,25.8060
1259,24.6469
1260,24.9489
1261,24.7621
1262,26.1434
1263,25.9314
1264,25.0893
1265,25.1205
1266,26.2533
1267,25.7196
1268,25.3901
1269,28.7371
1270,29.8453
1271,27.6546
1272,25.7799
1273,25.9169
1274,23.3340
1275,25.1388
1276,26.3060
1277,25.5074
1278,26.3170
1279,25.5064
1280,26.8038
1281,26.9845
1282,29.3581
1283,27.9052
1284,25.4886
1285,26.5690
1286,24.4530
1287,24.8365
1288,25.4023
1289,26.0986
1290,23.2549
1291,26.4124
1292,24.6300
1293,25.6801
1294,25.3788
1295,25.8117
1296,25.6291
1297,25.7284
1298,26.2729
1299,24.6659
1300,25.8841
1301,28.2271
1302,27.3131
1303,26.0791
1304,25.0414
1305,26.4005
1306,27.2871
1307,26.2806
1308,25.1718
1309,27.9307
1310,23.1854
1311,25.8160
1312,25.7223
1313,28.0127
1314,26.5122
1315,32.8475
1316,26.3989
1317,25.9877
1318,26.6135
1319,25.5298
1320,26.0305
1321,25.3999
1322,27.6726
1323,26.1119
1324,26.4097
1325,25.2373
1326,24.4825
1327,23.8791
1328,26.8520
1329,27.9324
1330,26.9008
1331,26.2491
1332,25.4365
1333,26.5854
1334,24.5294
1335,26.2598
1336,24.9547
1337,25.9778
1338,27.2247
1339,26.2942
1340,27.1409
1341,25.1963
1342,29.5289
1343,26.9053
1344,25.5825
1345,27.1146
1346,25.8821
1347,29.0693
1348,26.9275
1349,25.8601
1350,24.5423
1351,25.9305
1352,27.4415
1353,24.7601
1354,23.8197
1355,26.8032
1356,26.1595
1357,25.8485
1358,25.1564
1359,27.8325
1360,25.3486
1361,26.3821
1362,26.5324
1363,25.6668
1364,24.2469
1365,25.8762
1366,24.9797
1367,27.2806
1368,24.8300
1369,25.6259
1370,26.8591
1371,28.9485
1372,27.4814
1373,28.5307
1374,27.1935
1375,26.5452
1376,26.9649
1377,28.2223
1378,24.8769
1379,26.0883
1380,25.7391
1381,25.4816
1382,26.3611
1383,25.4433
1384,26.2018
1385,26.0172
1386,25.1061
1387,25.4192
1388,25.1524
1389,25.0898
1390,26.5571
1391,23.7721
1392,25.0075
1393,24.2598
1394,24.0242
1395,25.0098
1396,26.6537
1397,27.7385
1398,25.6273
1399,26.8279
1400,25.3559
1401,27.1898
1402,27.4090
1403,25.8434
1404,25.0055
1405,25.6429
1406,25.3340
1407,27.2885
1408,24.4116
1409,25.0325
1410,26.4283
1411,27.6459
1412,25.0736
1413,24.4402
1414,24.5104
1415,26.2928
1416,26.4791
1417,26.9702
1418,25.0600
1419,27.7794
1420,26.4597
1421,27.9709
1422,25.7743
1423,27.4182
1424,26.4084
1425,27.9158
1426,25.0046
1427,26.5338
1428,25.4446
1429,25.0389
1430,25.6818
1431,29.1803
1432,25.1242
1433,25.7890
1434,26.5860
1435,24.3720
1436,24.2374
1437,25.9443
1438,26.8266
1439,24.1291
1440,26.4238
1441,25.5834
1442,25.1070
1443,25.4921
1444,28.8747
1445,26.1821
1446,25.5322
1447,33.8068
1448,26.9052
1449,25.0643
1450,25.0807
1451,25.7970
1452,24.5238
1453,27.4524
1454,26.4606
1455,25.8114
1456,24.7058
1457,26.0749
1458,25.0920
1459,26.1168
1460,26.0757
1461,26.6267
1462,30.8365
1463,28.3913
1464,24.9276
1465,24.9458
1466,26.4472
1467,27.4185
1468,25.9592
1469,28.2405
1470,27.8550
1471,24.7492
1472,25.8387
1473,25.1026
1474,24.1151
1475,27.4073
1476,27.8165
1477,28.2441
1478,27.5409
1479,28.7922
1480,26.2412
1481,26.2520
1482,26.4273
1483,25.4562
1484,24.5713
1485,26.0521
1486,26.0842
1487,26.0099
1488,26.4692
1489,24.8044
1490,24.4311
1491,26.9361
1492,25.2295
1493,26.3419
1494,25.3034
1495,25.2527
1496,24.9897
1497,26.1514
1498,26.8811
1499,26.1768
1500,27.9463
1501,25.9808
1502,27.1097
1503,25.7335
1504,25.5015
1505,26.7733
1506,24.2574
1507,25.8551
1508,27.6673
1509,27.0489
1510,24.8645
1511,26.2003
1512,26.0751
1513,25.7428
1514,28.2485
1515,25.4951
1516,23.7947
1517,25.3080
1518,26.5653
1519,24.3524
1520,26.3927
1521,26.1149
1522,24.6412
1523,26.6035
1524,25.6369
1525,25.7865
1526,25.6704
1527,25.6420
1528,24.0405
1529,26.3774
1530,24.2313
1531,27.3146
1532,26.7485
1533,25.1436
1534,25.4008
1535,25.7531
1536,33.6112
1537,27.2549
1538,25.2770
1539,27.3078
1540,25.8537
1541,25.6982
1542,23.9668
1543,28.3891
1544,25.5767
1545,25.9838
1546,25.0517
1547,27.3594
1548,26.8651
1549,26.1832
1550,25.5897
1551,26.5025
1552,26.7317
1553,26.4913
1554,27.2276
1555,25.4490
1556,27.5762
1557,26.3694
1558,27.3565
1559,27.8782
1560,24.4360
1561,24.6614
1562,28.1157
1563,27.2939
1564,26.4185
1565,26.0138
1566,26.7317
1567,24.6463
1568,25.3722
1569,24.7123
1570,26.7308
1571,25.2499
1572,26.2355
1573,27.2770
1574,28.1804
1575,25.9716
1576,25.0287
1577,25.6902
1578,24.1706
1579,26.9439
1580,24.6098
1581,26.7883
1582,25.7306
1583,27.9736
1584,25.5065
1585,25.0745
1586,25.5311
1587,26.1527
1588,26.4775
1589,26.4288
1590,22.8640
1591,26.2879
1592,26.8240
1593,25.2445
1594,25.4553
1595,24.4284
1596,25.7359
1597,24.9385
1598,25.6332
1599,26.0464
1600,24.8445
1601,25.7248
1602,26.2046
1603,28.0434
1604,26.6261
1605,27.5231
1606,23.4172
1607,26.3816
1608,27.0252
1609,26.1786
1610,26.3126
1611,24.4779
1612,24.7253
1613,29.1802
1614,26.3203
1615,26.1221
1616,24.2119
1617,25.8684
1618,25.7622
1619,25.9146
1620,28.7006
1621,24.7558
1622,25.8035
1623,28.3672
1624,28.0912
1625,26.1306
1626,25.0313
1627,26.0091
1628,26.3907
1629,26.3871
1630,26.1794
1631,25.8713
1632,25.3902
1633,24.4954
1634,26.1379
1635,26.5025
1636,28.3032
1637,23.7460
1638,25.4186
1639,25.0406
1640,28.5850
1641,26.3289
1642,27.9409
1643,25.8222
1644,26.0756
1645,25.8935
1646,24.7870
1647,27.9818
1648,25.9003
1649,26.0824
1650,25.1231
1651,27.2295
1652,24.5777
1653,26.6328
1654,26.3038
1655,26.3572
1656,25.1009
1657,24.8205
1658,24.7689
1659,26.7197
1660,25.3435
1661,26.4960
1662,26.0307
1663,26.9981
1664,26.2968
1665,25.5034
1666,25.0142
1667,28.0877
1668,26.7460
1669,25.0304
1670,27.1755
1671,28.0803
1672,25.8024
1673,30.1048
1674,26.3985
1675,24.8490
1676,25.6633
1677,31.8829
1678,27.0564
1679,25.8304
1680,25.6338
1681,27.7449
1682,26.5929
1683,24.9604
1684,24.3847
1685,24.9657
1686,25.1048
1687,25.4867
1688,26.4454
1689,25.8673
1690,25.4816
1691,24.5544
1692,25.9518
1693,25.6236
1694,27.6845
1695,25.9759
1696,24.6998
1697,25.8078
1698,24.4864
1699,24.3694
1700,25.3741
1701,27.3839
1702,29.8511
1703,27.6313
1704,26.1453
1705,25.3776
1706,25.1073
1707,26.0384
1708,23.7828
1709,25.1864
1710,24.9436
1711,26.4780
1712,23.8751
1713,26.1324
1714,24.5022
1715,27.0259
1716,24.7957
1717,25.8052
1718,24.4989
1719,24.2810
1720,25.1822
1721,26.0543
1722,24.3070
1723,25.9998
1724,26.1159
1725,25.3611
1726,26.3245
1727,26.3447
1728,24.6485
1729,25.4143
1730,26.4733
1731,25.0027
1732,24.9771
1733,25.8452
1734,24.0202
1735,25.5423
1736,23.8506
1737,25.5705
1738,27.6307
1739,25.7691
1740,24.9054
1741,24.6602
1742,25.8180
1743,24.9590
1744,27.6710
1745,23.8754
1746,24.2972
1747,26.0351
1748,25.6449
1749,24.8954
1750,24.6289
1751,25.7999
1752,23.6321
1753,24.6605
1754,24.2345
1755,24.9959
1756,27.0467
1757,23.9223
1758,27.3628
1759,26.4775
1760,27.4251
1761,25.5787
1762,26.3198
1763,26.8735
1764,24.3757
1765,26.2485
1766,25.5418
1767,26.6957
1768,26.7269
1769,28.6655
1770,35.0276
1771,27.2425
1772,26.6895
1773,28.6018
1774,24.6241
1775,27.8632
1776,26.7215
1777,25.1484
1778,26.4556
1779,26.5480
1780,25.5020
1781,28.1639
1782,24.2860
1783,27.0755
1784,25.2032
1785,26.7188
1786,26.0391
1787,25.2546
1788,25.2733
1789,26.8635
1790,27.6123
1791,26.6753
1792,28.2659
1793,29.2954
1794,25.7999
1795,25.6958
1796,25.3262
1797,28.5427
1798,24.3124
1799,23.5430
1800,24.6629
1801,25.7406
1802,25.1320
1803,25.4880
1804,24.6810
1805,26.1139
1806,26.1899
1807,25.3013
1808,27.6320
1809,24.8526
1810,26.1417
1811,26.4657
1812,24.4296
1813,24.3538
1814,25.5410
1815,26.2608
1816,26.5090
1817,26.1636
1818,25.1883
1819,25.9280
1820,26.7882
1821,24.7341
1822,26.3467
1823,26.7549
1824,24.2990
1825,24.4536
1826,28.4480
1827,31.0241
1828,22.9900
1829,23.8334
1830,25.0867
1831,25.9002
1832,24.7195
1833,25.1670
1834,24.3363
1835,25.5591
1836,23.5927
1837,25.4508
1838,25.9185
1839,25.7075
1840,24.9150
1841,26.1185
1842,24.8974
1843,27.0309
1844,25.3719
1845,29.3276
1846,25.6232
1847,26.0354
1848,25.2388
1849,27.3845
1850,27.9357
1851,26.5931
1852,25.8817
1853,25.5556
1854,27.1115
1855,26.4113
1856,26.7072
1857,24.4405
1858,25.7783
1859,26.3631
1860,26.2997
1861,25.8776
1862,25.2739
1863,24.9248
1864,26.2016
1865,25.0177
1866,26.3496
1867,26.2274
1868,25.2120
1869,28.1075
1870,26.1979
1871,24.9114
1872,26.0606
1873,29.6183
1874,25.2544
1875,26.2553
1876,25.8306
1877,29.8786
1878,26.2304
1879,24.5685
1880,26.8666
1881,27.0004
1882,24.4930
1883,28.6536
1884,24.7009
1885,25.1066
1886,26.3847
1887,29.7151
1888,25.3297
1889,27.4108
1890,24.8534
1891,25.8946
1892,27.2643
1893,27.4213
1894,26.5985
1895,26.5041
1896,26.2912
1897,27.3336
1898,24.4383
1899,26.4112
1900,26.4851
1901,27.5854
1902,26.5280
1903,24.4315
1904,32.6098
1905,26.3749
1906,25.1210
1907,27.8336
1908,24.6906
1909,26.9879
1910,26.6023
1911,27.4441
1912,24.5806
1913,28.1877
1914,24.1874
1915,24.9952
1916,23.6807
1917,24.0341
1918,28.4364
1919,25.9500
1920,25.4337
1921,24.6814
1922,27.1396
1923,24.9338
1924,26.2804
1925,26.1654
1926,26.7712
1927,28.3403
1928,29.9466
1929,30.2928
1930,27.6882
1931,29.2274
1932,32.1951
1933,27.2656
1934,26.0328
1935,28.8294
1936,29.8119
1937,27.4224
1938,32.5426
1939,26.7599
1940,25.4900
1941,26.1769
1942,27.3413
1943,30.0042
1944,24.3730
1945,27.5048
1946,26.1073
1947,29.0961
1948,27.5252
1949,29.5086
1950,25.6644
1951,26.2887
1952,37.8696
1953,27.8427
1954,25.6634
1955,29.8141
1956,25.5280
1957,26.1673
1958,27.3927
1959,29.9792
1960,26.4638
1961,27.5097
1962,30.2266
1963,28.1140
1964,27.8886
1965,24.9897
1966,25.6579
1967,27.4527
1968,29.1433
1969,29.0834
1970,28.7151
1971,27.6221
1972,25.6998
1973,33.0672
1974,28.1561
1975,25.9055
1976,26.8096
1977,28.5451
1978,29.6782
1979,27.1339
1980,24.8322
1981,25.7452
1982,25.6968
1983,24.8769
1984,24.5680
1985,23.6977
1986,25.0580
1987,24.8991
1988,24.7647
1989,25.1859
1990,24.4289
1991,25.5859
1992,25.5680
1993,25.5467
1994,26.2150
1995,25.2179
1996,24.6858
1997,33.6610
1998,25.0555
1999,25.0127
2000,30.2757
2001,26.3151
2002,26.5461
2003,33.6074
2004,24.6114
2005,24.5431
2006,25.8485
2007,27.1514
2008,24.5096
2009,26.1157
2010,26.5853
2011,26.3347
2012,26.4268
2013,24.0944
2014,23.1988
2015,26.2909
2016,24.1897
2017,24.8960
2018,24.5697
2019,26.3681
2020,23.2397
2021,24.4082
2022,25.6734
2023,26.7224
2024,23.3591
2025,24.6074
2026,23.6731
2027,25.7055
2028,25.6512
2029,26.0089
2030,25.6226
2031,25.1002
2032,24.2077
2033,26.2297
2034,25.2030
2035,26.2717
2036,29.6371
2037,24.9331
2038,24.4139
2039,25.6097
2040,24.5300
2041,24.3840
2042,27.5005
2043,25.4838
2044,25.1713
2045,23.7859
2046,25.9804
2047,24.3318
2048,26.5365
2049,24.4756
2050,23.7095
2051,25.4238
2052,23.8177
2053,28.3699
2054,26.5320
2055,25.7943
2056,25.7560
2057,26.9375
2058,25.3781
2059,24.8818
2060,25.2101
2061,24.2020
2062,25.8153
2063,27.2992
2064,23.8929
2065,26.9044
2066,29.7367
2067,27.2704
2068,25.8860
2069,26.2187
2070,24.2541
2071,27.3974
2072,24.3625
2073,25.1376
2074,24.1505
2075,25.3518
2076,24.6303
2077,25.2623
2078,26.7927
2079,24.9584
2080,23.6836
2081,22.5241
2082,25.2909
2083,25.7378
2084,23.5222
2085,25.1099
2086,24.2871
2087,27.0490
2088,22.7223
2089,26.7861
2090,25.0825
2091,25.7165
2092,25.2284
2093,31.3253
2094,24.2360
2095,24.8396
2096,24.7193
2097,24.9111
2098,24.6155
2099,24.0188
2100,23.7024
2101,25.4940
2102,24.5908
2103,24.4017
2104,24.9262
2105,24.1163
2106,26.1353
2107,24.6394
2108,25.8166
2109,24.5647
2110,27.6336
2111,23.6160
2112,24.5119
2113,24.5192
2114,25.6532
2115,26.5239
2116,27.2291
2117,25.6381
2118,24.4997
2119,24.7590
2120,30.9831
2121,25.0676
2122,25.8154
2123,25.5675
2124,24.3608
2125,25.4756
2126,25.7905
2127,24.7597
2128,25.4282
2129,24.5618
2130,24.2143
2131,26.6719
2132,23.7383
2133,26.0487
2134,24.6450
2135,26.8667
2136,31.3956
2137,25.2098
2138,24.3930
2139,27.2173
2140,25.4042
2141,24.7352
2142,24.0767
2143,25.0708
2144,24.7033
2145,25.7784
2146,23.9256
2147,26.4744
2148,25.2292
2149,25.6243
2150,25.6990
2151,24.0836
2152,23.7092
2153,24.3345
2154,23.2012
2155,23.8280
2156,25.0818
2157,25.7816
2158,23.5055
2159,25.0763
2160,27.8912
2161,25.1640
2162,24.2694
2163,25.9976
2164,26.9991
2165,24.2095
2166,25.5755
2167,26.0193
2168,27.3159
2169,25.7314
2170,27.8062
2171,25.2998
2172,25.3320
2173,27.6001
2174,25.4590
2175,26.7560
2176,24.1898
2177,28.3372
2178,25.1729
2179,26.5722
2180,25.5276
2181,24.5253
2182,27.8802
2183,26.6742
2184,23.1493
2185,24.4858
2186,27.2936
2187,24.8586
2188,23.7898
2189,28.2248
2190,24.7148
2191,24.4406
2192,26.2442
2193,30.2874
2194,29.4115
2195,27.2851
2196,24.8326
2197,23.2418
2198,25.2310
2199,26.6547
2200,23.6952
2201,25.0272
2202,24.7339
2203,24.2525
2204,25.2886
2205,25.0312
2206,23.8647
2207,24.7242
2208,23.0073
2209,24.3524
2210,23.3236
2211,24.3765
2212,26.6830
2213,27.9054
2214,25.4472
2215,25.0846
2216,23.5925
2217,23.1934
2218,27.4622
2219,25.3198
2220,24.8380
2221,26.6674
2222,26.0274
2223,25.5474
2224,24.7774
2225,25.3116
2226,26.1434
2227,26.6386
2228,26.2915
2229,25.0923
2230,25.5397
2231,26.9948
2232,25.2992
2233,26.0577
2234,25.7082
2235,23.5403
2236,26.9759
2237,31.8758
2238,23.5887
2239,26.2306
2240,29.2900
2241,26.0937
2242,26.5051
2243,26.5873
2244,24.4164
2245,26.1446
2246,24.8007
2247,27.4122
2248,24.5431
2249,25.0055
2250,25.4493
2251,26.4732
2252,24.5153
2253,25.2725
2254,26.1106
2255,26.3327
2256,26.9645
2257,25.4032
2258,24.9677
2259,28.1077
2260,27.3043
2261,25.6997
2262,24.4269
2263,27.3790
2264,23.8088
2265,24.2976
2266,24.2919
2267,24.5544
2268,24.6045
2269,25.2137
2270,24.5415
2271,25.9165
2272,25.5712
2273,26.1055
2274,25.2306
2275,26.1089
2276,25.2299
2277,23.0043
2278,25.2879
2279,24.8560
2280,26.1911
2281,25.8273
2282,24.7890
2283,26.4017
2284,24.5746
2285,24.6219
2286,23.9508
2287,26.5653
2288,25.3938
2289,24.2295
2290,23.9477
2291,24.1703
2292,25.2892
2293,24.6516
2294,25.8607
2295,25.0390
2296,23.9910
2297,24.8676
2298,23.6565
2299,26.0200
2300,26.9252
2301,25.5699
2302,27.5673
2303,27.1605
2304,24.8981
2305,27.8617
2306,24.8032
2307,25.6225
2308,24.5848
2309,25.5616
2310,25.9869
2311,27.7000
2312,26.8913
2313,26.7322
2314,25.6285
2315,26.6636
2316,26.6813
2317,25.7072
2318,25.2469
2319,26.0049
2320,25.0034
2321,26.1574
2322,23.6329
2323,28.5781
2324,25.7915
2325,26.5023
2326,24.7048
2327,26.5447
2328,26.5818
2329,24.8017
2330,26.3092
2331,25.4514
2332,25.4489
2333,27.4560
2334,26.4960
2335,26.2084
2336,25.2811
2337,23.5918
2338,23.6553
2339,26.5174
2340,26.7680
2341,27.3877
2342,26.3042
2343,28.9422
2344,24.5281
2345,27.4715
2346,27.8319
2347,25.8333
2348,27.8256
2349,28.9648
2350,25.5077
2351,26.1768
2352,27.4618
2353,25.5478
2354,24.3542
2355,25.0431
2356,25.4176
2357,25.2524
2358,27.4508
2359,25.7151
2360,25.6588
2361,26.6203
2362,24.9973
2363,25.3190
2364,24.9221
2365,32.7844
2366,25.1155
2367,26.2861
2368,25.9481
2369,26.5773
2370,24.2311
2371,25.4842
2372,26.9019
2373,26.6051
2374,25.7166
2375,25.8003
2376,28.2248
2377,23.5963
2378,26.5962
2379,26.3360
2380,26.4393
2381,26.2767
2382,26.5250
2383,25.8947
2384,25.1985
2385,23.9071
2386,24.5783
2387,25.4337
2388,25.2305
2389,24.5260
2390,26.0071
2391,26.6141
2392,24.0990
2393,25.4668
2394,28.8593
2395,24.6401
2396,23.3915
2397,22.6163
2398,24.7488
2399,24.6856
2400,25.5587
2401,26.9582
2402,24.9256
2403,24.9079
2404,24.2293
2405,25.3448
2406,23.8430
2407,26.1980
2408,24.6163
2409,23.7078
2410,24.4989
2411,25.5511
2412,24.9459
2413,23.4400
2414,23.3400
2415,23.8796
2416,23.8727
2417,23.8375
2418,22.0585
2419,24.7830
2420,25.4683
2421,24.5594
2422,23.5045
2423,26.2317
2424,25.9189
2425,24.4284
2426,24.5545
2427,23.5199
2428,25.9058
2429,25.9166
2430,26.0266
2431,26.9850
2432,27.1514
2433,25.5626
2434,25.4112
2435,26.2778
2436,24.3913
2437,26.5155
2438,26.0454
2439,26.6368
2440,24.6602
2441,26.3134
2442,25.2097
2443,27.0931
2444,24.2836
2445,27.2917
2446,26.4776
2447,23.6772
2448,26.4548
2449,26.6281
2450,24.1593
2451,25.7707
2452,26.3522
2453,25.3897
2454,23.0609
2455,25.2899
2456,23.7842
2457,25.6068
2458,24.9886
2459,25.3594
2460,26.0388
2461,25.7591
2462,25.6862
2463,25.7164
2464,25.3782
2465,26.3619
2466,25.7155
2467,24.6547
2468,26.0270
2469,33.3521
2470,25.6921
2471,25.7885
2472,26.2899
2473,24.6133
2474,28.3969
2475,24.8352
2476,25.7416
2477,26.8840
2478,26.0765
2479,28.9460
2480,26.9123
2481,28.1749
2482,24.5458
2483,26.9000
2484,24.1412
2485,25.7664
2486,25.6111
2487,26.2221
2488,24.6989
2489,26.4318
2490,24.6721
2491,26.2522
2492,24.7916
2493,23.9843
2494,25.0635
2495,29.1555
2496,24.7815
2497,25.2125
2498,24.5026
2499,25.1370
2500,25.0041
2501,25.7901
2502,25.8234
2503,25.7526
2504,25.2134
2505,25.7101
2506,23.9214
2507,25.0414
2508,26.0583
2509,25.5619
2510,24.3070
2511,26.9704
2512,24.7875
2513,27.6853
2514,25.0152
2515,25.3382
2516,23.2588
2517,23.7691
2518,26.2055
2519,23.7225
2520,24.4515
2521,24.6636
2522,25.7577
2523,27.1847
2524,25.2680
2525,27.0574
2526,24.2616
2527,23.8667
2528,24.8412
2529,26.2978
2530,26.3759
2531,25.1106
2532,25.6826
2533,26.3376
2534,25.0813
2535,25.1112
2536,25.6291
2537,25.2397
2538,25.7789
2539,24.6376
2540,25.9018
2541,24.8241
2542,26.0062
2543,27.1259
2544,26.0673
2545,24.3997
2546,24.5333
2547,27.3543
2548,25.3798
2549,25.5375
2550,23.6824
2551,25.8515
2552,25.4728
2553,25.9975
2554,24.9523
2555,25.3529
2556,24.5120
2557,25.5215
2558,24.9425
2559,26.3224
2560,24.5621
2561,26.1068
2562,24.0207
2563,25.9097
2564,26.7338
2565,25.8862
2566,25.8282
2567,26.7216
2568,25.0381
2569,24.1722
2570,25.9884
2571,24.9087
2572,24.0982
2573,27.0180
2574,25.9039
2575,25.3006
2576,26.0302
2577,24.7291
2578,26.5640
2579,28.0383
2580,23.9434
2581,25.0741
2582,24.3426
2583,26.6505
2584,25.4623
2585,24.8239
2586,25.9768
2587,25.4427
2588,25.7746
2589,23.4754
2590,24.2036
2591,24.8003
2592,23.5914
2593,24.5060
2594,23.7962
2595,25.3488
2596,24.8504
2597,31.4291
2598,25.5395
2599,24.8491
2600,25.1028
2601,23.9795
2602,24.2830
2603,24.9351
2604,24.4098
2605,28.2835
2606,25.5575
2607,24.6202
2608,24.2172
2609,23.0087
2610,25.1427
2611,25.4650
2612,24.7334
2613,25.5067
2614,24.2709
2615,26.0582
2616,24.9836
2617,25.3345
2618,26.3474
2619,26.6968
2620,24.9451
2621,24.4747
2622,25.3467
2623,25.3491
2624,25.7480
2625,24.2514
2626,24.8227
2627,25.1244
2628,25.4860
2629,25.8959
2630,24.3661
2631,26.5767
2632,24.6160
2633,27.6798
2634,23.1570
2635,24.6520
2636,25.1593
2637,25.2757
2638,24.8140
2639,25.3991
2640,26.1540
2641,25.7352
2642,24.6909
2643,25.8485
2644,25.4597
2645,24.3996
2646,23.3884
2647,27.1652
2648,26.3287
2649,24.0304
2650,24.5249
2651,25.6505
2652,25.4437
2653,24.8033
2654,23.9958
2655,26.8271
2656,27.9641
2657,26.0092
2658,23.3313
2659,24.5641
2660,26.6225
2661,24.2637
2662,25.7900
2663,25.5720
2664,25.6243
2665,25.4744
2666,25.4457
2667,25.7964
2668,24.2921
2669,25.8044
2670,24.4785
2671,22.4261
2672,25.7915
2673,27.2590
2674,23.3831
2675,25.1014
2676,25.4989
2677,26.3729
2678,24.2433
2679,26.4598
2680,25.5839
2681,25.3176
2682,23.6380
2683,27.2145
2684,25.5378
2685,27.0891
2686,26.8219
2687,24.4855
2688,27.3162
2689,23.9535
2690,24.6728
2691,25.9645
2692,24.4146
2693,25.0107
2694,26.1260
2695,23.3639
2696,23.3215
2697,25.4155
2698,25.1426
2699,24.6603
2700,31.9705
2701,24.3174
2702,25.0205
2703,25.2487
2704,24.5308
2705,23.4803
2706,23.9161
2707,25.2225
2708,24.2336
2709,24.0133
2710,24.8830
2711,26.2127
2712,23.0958
2713,23.6621
2714,24.1898
2715,24.1295
2716,26.0158
2717,24.8667
2718,22.6074
2719,24.6564
2720,24.9159
2721,24.9100
2722,25.3166
2723,24.7944
2724,23.6325
2725,24.2962
2726,24.4123
2727,24.1199
2728,24.0256
2729,23.7678
2730,24.0293
2731,25.5854
2732,22.8725
2733,24.3270
2734,24.9139
2735,25.3341
2736,24.2647
2737,24.7157
2738,27.1401
2739,24.6950
2740,25.4752
2741,25.6974
2742,24.0657
2743,27.2240
2744,23.7669
2745,27.1013
2746,23.6281
2747,25.9858
2748,23.2409
2749,24.7907
2750,24.2075
2751,25.7777
2752,23.7085
2753,26.9661
2754,24.6607
2755,26.0881
2756,24.8858
2757,25.3126
2758,24.3020
2759,23.9086
2760,25.6727
2761,24.0348
2762,24.2492
2763,22.5603
2764,23.7208
2765,23.0996
2766,23.9483
2767,24.9419
2768,25.3177
2769,23.4980
2770,25.0000
2771,24.3306
2772,24.2092
2773,24.7081
2774,25.7158
2775,24.3427
2776,25.6369
2777,24.7709
2778,24.2113
2779,24.5201
2780,28.3042
2781,26.8700
2782,28.3991
2783,24.6679
2784,23.5497
2785,26.3872
2786,25.9733
2787,26.2917
2788,25.5722
2789,26.2905
2790,24.6819
2791,24.8093
2792,23.2328
2793,24.0288
2794,24.7033
2795,26.8567
2796,23.8954
2797,25.0791
2798,22.8121
2799,25.5940
2800,24.2542
2801,26.0942
2802,24.9726
2803,26.0576
2804,24.2395
2805,24.6921
2806,24.9780
2807,27.1079
2808,23.9830
2809,25.4407
2810,25.2724
2811,25.7584
2812,24.5800
2813,30.7288
2814,23.8830
2815,24.7769
2816,26.8176
2817,24.9248
2818,26.2645
2819,23.8122
2820,24.4326
2821,22.8442
2822,25.5644
2823,23.8224
2824,24.9135
2825,24.0748
2826,25.3825
2827,25.3341
2828,25.2689
2829,25.9683
2830,32.5769
2831,27.7123
2832,24.2285
2833,23.8901
2834,27.5499
2835,27.2761
2836,25.0004
2837,27.2173
2838,25.3631
2839,26.4139
2840,24.7045
2841,26.8806
2842,23.8471
2843,25.8698
2844,24.8678
2845,23.4855
2846,24.5335
2847,26.3607
2848,24.6612
2849,26.5502
2850,24.8129
2851,26.2424
2852,27.1135
2853,25.4706
2854,26.3575
2855,26.8985
2856,25.7876
2857,26.7232
2858,29.9937
2859,27.0690
2860,25.3763
2861,26.1538
2862,25.7943
2863,24.2587
2864,25.4830
2865,24.1075
2866,25.9100
2867,24.5345
2868,23.2122
2869,24.7866
2870,24.2064
2871,26.5562
2872,25.1643
2873,26.3153
2874,25.3982
2875,24.8208
2876,24.9624
2877,26.6850
2878,25.0670
2879,24.6603
2880,25.3149
2881,26.2876
2882,25.9341
2883,24.6449
2884,25.5189
2885,27.2355
2886,26.3762
2887,25.2319
2888,25.9505
2889,26.9517
2890,26.0185
2891,23.3128
2892,24.7419
2893,23.6574
2894,25.0687
2895,23.5219
2896,24.9395
2897,25.1149
2898,26.9463
2899,24.4099
2900,25.9625
2901,24.1799
2902,26.5323
2903,25.7977
2904,25.4520
2905,25.0618
2906,25.0813
2907,24.4139
2908,25.2053
2909,25.5343
2910,24.7879
2911,25.9698
2912,24.4112
2913,23.2744
2914,23.6865
2915,25.7523
2916,24.0826
2917,25.8601
2918,23.9225
2919,25.1274
2920,23.5592
2921,26.0604
2922,24.1166
2923,25.8651
2924,23.3122
2925,24.1778
2926,26.3068
2927,24.5249
2928,23.2318
2929,24.8621
2930,24.6178
2931,25.7310
2932,23.4296
2933,25.0781
2934,23.4891
2935,24.4766
2936,23.6103
2937,24.0899
2938,24.3143
2939,25.2147
2940,31.9307
2941,23.4048
2942,26.5033
2943,25.3500
2944,23.7708
2945,23.4092
2946,25.7614
2947,25.9165
2948,25.2120
2949,24.7428
2950,25.2543
2951,25.7820
2952,24.0756
2953,26.7055
2954,25.3790
2955,27.3036
2956,28.2232
2957,27.9179
2958,29.3177
2959,29.2953
2960,30.1239
2961,32.4962
2962,32.2110
2963,30.9906
2964,31.5799
2965,34.1925
2966,34.6915
2967,34.7287
2968,34.7306
2969,35.6448
2970,34.2618
2971,37.4716
2972,33.3046
2973,37.4329
2974,35.1493
2975,36.6982
2976,38.0574
2977,38.2831
2978,37.2101
2979,38.3344
2980,37.5615
2981,39.8499
2982,38.0713
2983,38.3060
2984,39.4456
2985,41.5205
2986,39.2998
2987,38.2719
2988,38.5740
2989,40.1172
2990,39.2212
2991,40.3974
2992,38.1664
2993,39.1950
2994,41.4012
2995,37.5518
2996,39.5633
2997,36.6596
2998,38.1271
2999,39.7593
3000,38.7311
3001,38.0416
3002,44.3197
3003,39.2061
3004,39.7548
3005,36.6162
3006,38.7096
3007,37.5074
3008,37.5767
3009,36.2259
3010,37.0769
3011,37.8525
3012,39.1857
3013,39.1021
3014,36.4936
3015,74.8830
3016,69.1206
3017,44.6940
3018,44.6035
3019,42.9082
3020,40.0895
3021,39.7214
3022,40.1720
3023,40.4843
3024,41.1614
3025,41.7364
3026,41.5914
3027,37.3386
3028,39.0796
3029,48.4314
3030,39.2713
3031,36.6505
3032,37.6611
3033,38.5659
3034,38.6467
3035,39.7966
3036,37.8435
3037,37.3311
3038,39.4102
3039,40.0403
3040,39.5937
3041,38.5525
3042,38.6872
3043,39.9214
3044,38.9963
3045,41.3097
3046,40.6754
3047,38.9325
3048,39.7149
3049,37.8916
3050,37.7872
3051,38.3893
3052,35.9644
3053,37.6765
3054,36.3168
3055,35.7515
3056,37.1063
3057,36.1061
3058,37.6932
3059,37.0214
3060,35.6700
3061,35.1107
3062,35.4064
3063,40.8465
3064,40.2471
3065,38.3528
3066,42.3090
3067,40.3912
3068,38.6842
3069,37.5082
3070,41.4388
3071,38.1446
3072,39.3778
3073,39.1573
3074,40.9585
3075,37.2239
3076,38.5433
3077,39.5982
3078,37.1190
3079,36.3406
3080,38.8391
3081,35.9303
3082,37.4975
3083,38.3004
3084,40.5997
3085,39.4248
3086,39.7898
3087,39.3448
3088,37.2436
3089,36.2740
3090,36.7909
3091,38.0560
3092,40.0478
3093,40.4398
3094,40.1907
3095,44.2298
3096,38.1351
3097,38.5634
3098,40.3910
3099,38.6986
3100,44.3871
3101,38.8716
3102,41.8001
3103,36.1055
3104,35.3278
3105,35.7545
3106,39.0432
3107,37.2253
3108,38.8769
3109,38.3106
3110,37.6697
3111,37.1396
3112,36.8444
3113,38.6500
3114,41.3413
3115,39.6016
3116,37.6603
3117,36.6577
3118,37.4635
3119,38.4856
3120,36.6281
3121,34.5872
3122,35.7579
3123,33.5474
3124,41.1432
3125,38.4525
3126,42.2202
3127,34.7709
3128,37.7898
3129,33.6539
3130,38.4016
3131,36.4475
3132,37.3950
3133,37.4128
3134,34.5221
3135,34.6425
3136,35.6517
3137,37.6238
3138,42.3920
3139,37.8120
3140,34.5152
3141,35.0438
3142,35.3354
3143,38.9606
3144,37.0876
3145,37.7132
3146,35.3305
3147,35.0940
3148,35.7489
3149,35.5914
3150,35.8273
3151,37.3947
3152,35.3599
3153,37.7109
3154,35.7669
3155,33.9880
3156,36.6595
3157,36.0238
3158,38.7543
3159,67.3201
3160,38.2220
3161,37.2990
3162,35.8712
3163,35.5311
3164,37.8021
3165,38.3466
3166,36.3289
3167,36.6731
3168,37.2731
3169,35.7667
3170,39.1108
3171,39.9179
3172,34.7608
3173,37.7666
3174,35.2043
3175,38.7716
3176,37.1877
3177,35.7895
3178,37.7410
3179,39.5183
3180,35.8681
3181,38.5806
3182,36.4990
3183,39.4501
3184,37.0567
3185,36.9392
3186,37.4176
3187,36.0994
3188,34.4827
3189,34.1560
3190,34.5331
3191,36.8686
3192,43.8661
3193,40.0654
3194,40.3783
3195,37.6974
3196,37.4078
3197,36.0915
3198,37.7487
3199,39.5712
3200,40.8171
3201,39.4917
3202,40.2492
3203,38.3700
3204,35.4284
3205,41.1718
3206,35.0004
3207,41.0713
3208,36.4963
3209,37.3069
3210,40.5143
3211,36.7968
3212,35.0788
3213,34.5845
3214,39.7132
3215,38.1346
3216,38.4214
3217,37.1830
3218,37.7661
3219,37.1115
3220,37.3058
3221,34.0691
3222,39.1380
3223,35.4467
3224,38.3602
3225,37.0481
3226,35.0953
3227,37.1281
3228,33.6690
3229,36.7251
3230,32.6386
3231,36.4582
3232,33.8822
3233,35.0058
3234,37.3379
3235,36.0735
3236,33.7964
3237,34.7027
3238,34.9913
3239,72.4219
3240,39.3539
3241,43.1842
3242,35.5446
3243,36.2810
3244,34.7847
3245,36.2692
3246,35.1611
3247,36.4958
3248,36.2533
3249,36.1304
3250,37.1340
3251,38.4323
3252,36.1755
3253,34.6579
3254,34.8248
3255,33.1186
3256,34.4899
3257,33.1466
3258,35.7607
3259,37.7045
3260,42.1435
3261,34.1500
3262,37.1906
3263,34.5231
3264,35.7379
3265,35.9590
3266,34.4659
3267,33.0992
3268,34.3049
3269,34.0172
3270,38.1809
3271,37.5048
3272,33.1724
3273,36.7792
3274,34.3371
3275,33.4284
3276,37.5889
3277,30.9951
3278,34.8635
3279,32.8420
3280,31.2467
3281,32.8967
3282,34.3686
3283,33.4282
3284,32.3024
3285,35.9018
3286,35.1405
3287,34.7701
3288,32.4418
3289,35.3436
3290,33.6146
3291,34.2946
3292,34.4419
3293,33.4298
3294,35.2598
3295,33.7377
3296,33.1744
3297,36.9626
3298,33.8787
3299,34.8778
3300,34.1318
3301,35.4190
3302,33.5416
3303,33.2621
3304,39.7009
3305,37.6173
3306,41.1739
3307,34.9611
3308,35.7026
3309,40.5967
3310,34.8115
3311,36.4707
3312,38.6130
3313,35.3570
3314,35.5940
3315,34.3195
3316,38.8316
3317,34.5096
3318,35.8457
3319,34.3690
3320,35.6627
3321,34.5898
3322,36.7179
3323,36.4851
3324,35.6462
3325,34.1607
3326,35.0688
3327,32.6923
3328,38.6991
3329,34.9954
3330,32.8935
3331,35.2245
3332,32.5353
3333,35.8573
3334,32.3925
3335,38.5794
3336,33.1250
3337,32.7011
3338,35.0511
3339,33.6411
3340,36.6613
3341,35.2684
3342,36.8580
3343,33.4218
3344,35.9091
3345,34.0707
3346,34.3520
3347,40.9002
3348,38.0764
3349,36.6742
3350,35.3329
3351,40.5866
3352,34.0863
3353,44.7545
3354,39.1383
3355,34.8715
3356,35.0341
3357,35.9596
3358,34.4126
3359,34.2962
3360,33.5961
3361,36.5237
3362,37.7708
3363,33.5393
3364,37.6219
3365,33.0518
3366,38.9401
3367,34.5235
3368,35.6336
3369,33.4954
3370,33.9686
3371,33.5936
3372,37.6363
3373,34.0890
3374,35.0286
3375,35.0958
3376,37.1818
3377,33.1404
3378,35.5930
3379,34.8502
3380,35.5051
3381,31.3874
3382,35.6796
3383,33.4236
3384,33.4912
3385,35.3494
3386,37.0665
3387,35.3008
3388,32.8689
3389,34.2602
3390,37.6115
3391,33.7664
3392,32.6358
3393,34.7078
3394,34.9675
3395,33.2426
3396,33.4065
3397,36.9252
3398,34.4264
3399,34.3335
3400,34.1079
3401,35.6150
3402,35.7196
3403,36.8223
3404,33.1666
3405,36.9901
3406,33.2091
3407,39.2506
3408,35.7767
3409,36.5805
3410,34.3089
3411,35.4849
3412,32.4756
3413,39.0420
3414,37.3486
3415,36.5693
3416,35.1547
3417,38.0249
3418,36.6000
3419,35.7892
3420,36.5133
3421,39.9589
3422,39.2166
3423,41.7562
3424,36.2900
3425,35.5630
3426,35.9391
3427,36.4890
3428,33.6352
3429,32.8254
3430,35.4302
3431,33.6306
3432,45.0107
3433,33.2478
3434,33.2215
3435,33.0168
3436,36.2192
3437,34.4409
3438,33.6918
3439,33.7885
3440,34.8827
3441,33.2910
3442,35.8675
3443,34.1113
3444,32.2235
3445,33.9450
3446,35.1314
3447,34.2586
3448,35.8691
3449,34.7907
3450,34.9489
3451,34.1280
3452,32.5114
3453,34.4504
3454,33.5337
3455,34.8208
3456,32.6969
3457,33.6279
3458,35.7120
3459,34.9124
3460,34.3313
3461,36.2395
3462,37.1909
3463,37.8290
3464,33.2341
3465,33.6442
3466,33.0892
3467,34.6885
3468,35.3971
3469,35.4724
3470,38.7204
3471,36.1482
3472,34.5816
3473,37.2223
3474,36.8975
3475,38.7651
3476,35.0179
3477,35.5643
3478,33.0717
3479,34.9866
3480,36.0763
3481,34.1112
3482,33.8212
3483,32.9510
3484,32.7412
3485,32.7452
3486,33.8081
3487,32.6847
3488,34.0246
3489,31.8924
3490,32.5991
3491,33.8770
3492,34.0390
3493,35.9916
3494,33.2546
3495,33.3726
3496,33.8543
3497,32.5118
3498,33.8686
3499,32.9387
3500,33.8418
3501,35.2106
3502,34.0731
3503,33.0506
3504,33.8354
3505,33.4192
3506,32.3189
3507,32.5205
3508,32.6562
3509,33.4874
3510,32.6764
3511,34.9648
3512,34.0685
3513,31.6182
3514,34.8319
3515,33.6130
3516,34.1208
3517,35.5810
3518,35.0287
3519,35.4475
3520,32.1352
3521,32.9452
3522,34.4093
3523,35.1562
3524,34.6017
3525,35.1573
3526,35.6356
3527,39.9303
3528,34.5937
3529,35.5315
3530,35.7437
3531,35.9078
3532,33.0494
3533,34.1179
3534,36.7597
3535,33.3053
3536,35.6392
3537,37.3075
3538,36.3361
3539,34.4037
3540,36.7636
3541,33.6348
3542,37.0621
3543,30.7676
3544,33.1332
3545,32.4042
3546,35.0402
3547,34.7145
3548,32.8325
3549,32.9149
3550,36.1793
3551,31.9511
3552,32.5850
3553,34.2227
3554,32.7927
3555,32.2139
3556,35.4024
3557,31.2162
3558,35.0250
3559,36.4727
3560,33.4344
3561,33.5127
3562,34.2599
3563,38.1685
3564,34.6338
3565,34.6035
3566,31.1535
3567,34.3941
3568,34.0226
3569,32.4587
3570,32.9253
3571,34.0410
3572,33.0126
3573,34.6491
3574,33.5618
3575,37.2014
3576,32.9334
3577,38.6578
3578,33.4742
3579,35.4823
3580,31.4692
3581,36.7685
3582,34.8388
3583,34.2779
3584,31.4818
3585,36.1896
3586,35.5310
3587,34.6682
3588,31.8947
3589,34.8605
3590,30.8805
3591,35.5386
3592,32.7287
3593,34.8468
3594,34.1823
3595,36.4032
3596,35.1452
3597,38.0545
3598,34.8229
3599,33.9370
3600,35.9061
3601,34.1867
3602,32.9547
3603,42.6134
3604,33.7029
3605,34.6372
3606,34.0035
3607,31.5686
3608,33.4872
3609,34.2920
3610,35.0363
3611,36.3159
3612,33.4036
3613,34.1527
3614,35.9960
3615,36.4473
3616,36.2297
3617,35.8003
3618,31.3820
3619,32.5545
3620,34.4037
3621,31.4253
3622,33.0612
3623,35.2354
3624,31.9343
3625,31.6184
3626,34.1907
3627,35.1892
3628,32.4662
3629,33.6050
3630,32.6229
3631,34.6368
3632,33.2819
3633,33.6873
3634,32.3155
3635,32.6950
3636,32.9406
3637,35.3904
3638,33.1948
3639,35.2805
3640,32.1467
3641,33.4296
3642,36.6413
3643,33.8542
3644,32.2983
3645,33.9283
3646,33.1744
3647,36.7815
3648,31.6279
3649,35.1492
3650,32.7065
3651,36.0665
3652,32.3958
3653,33.3286
3654,33.5844
3655,31.8364
3656,32.5356
3657,33.0890
3658,33.1215
3659,34.4778
3660,35.0971
3661,34.5128
3662,34.2033
3663,32.0331
3664,33.1738
3665,34.6732
3666,33.3037
3667,35.1196
3668,35.7192
3669,32.7301
3670,31.7172
3671,32.3287
3672,32.7851
3673,38.7493
3674,38.6345
3675,32.5271
3676,34.8835
3677,35.8078
3678,32.9519
3679,45.5617
3680,35.2118
3681,33.9220
3682,35.6634
3683,33.3528
3684,32.6445
3685,36.0040
3686,35.1328
3687,35.8746
3688,33.9734
3689,35.5424
3690,32.2415
3691,38.9748
3692,33.2925
3693,37.4935
3694,31.7907
3695,33.0175
3696,35.2217
3697,37.9869
3698,34.4229
3699,34.6116
3700,45.2965
3701,36.2315
3702,33.3076
3703,36.9111
3704,33.2653
3705,34.8486
3706,31.8631
3707,38.0405
3708,33.4816
3709,32.7165
3710,34.8860
3711,35.8635
3712,35.2488
3713,34.7142
3714,34.7096
3715,33.1892
3716,32.9730
3717,33.4248
3718,32.2230
3719,33.6604
3720,32.8389
3721,32.0131
3722,33.7554
3723,32.5850
3724,33.3729
3725,32.1477
3726,35.4598
3727,31.9079
3728,36.5601
3729,32.9580
3730,33.9772
3731,34.3124
3732,35.9566
3733,35.1650
3734,33.2238
3735,32.8832
3736,34.3948
3737,34.1674
3738,34.8292
3739,31.1688
3740,32.7929
3741,33.1714
3742,35.9131
3743,34.8343
3744,32.2809
3745,31.6547
3746,33.9031
3747,34.6765
3748,35.1527
3749,33.4970
3750,38.1601
3751,34.2530
3752,36.5116
3753,35.2055
3754,33.7233
3755,34.7222
3756,34.2719
3757,34.2791
3758,34.2615
3759,34.4192
3760,36.5838
3761,33.2998
3762,37.9679
3763,37.1710
3764,33.3761
3765,33.5032
3766,34.9565
3767,33.9154
3768,34.0303
3769,32.9080
3770,32.2672
3771,34.8466
3772,34.6606
3773,35.9336
3774,35.0903
3775,34.0955
3776,34.0920
3777,36.1870
3778,33.8328
3779,37.2577
3780,36.0996
3781,37.6177
3782,37.0332
3783,34.9498
3784,40.1995
3785,34.8406
3786,38.2885
3787,35.7169
3788,38.2336
3789,38.9423
3790,42.7580
3791,41.5524
3792,38.1772
3793,39.5174
3794,40.8334
3795,37.7721
3796,37.8735
3797,40.6763
3798,37.6304
3799,38.6821
3800,36.0319
3801,34.8832
3802,36.4870
3803,37.4580
3804,36.1252
3805,33.9150
3806,32.9491
3807,38.5825
3808,34.8116
3809,40.2904
3810,35.5734
3811,35.1332
3812,34.9610
3813,35.5063
3814,34.9912
3815,36.2654
3816,35.7585
3817,38.8761
3818,36.6984
3819,35.2725
3820,33.4505
3821,37.6037
3822,33.6099
3823,37.6705
3824,35.6409
3825,36.3475
3826,36.4843
3827,33.9705
3828,35.0644
3829,35.1000
3830,41.1979
3831,39.1062
3832,34.9450
3833,41.0946
3834,38.5639
3835,36.6139
3836,38.0996
3837,37.3628
3838,35.0249
3839,34.5347
3840,36.8205
3841,34.3286
3842,33.7929
3843,37.3828
3844,34.5283
3845,34.4395
3846,35.2961
3847,34.4929
3848,31.1921
3849,33.3545
3850,34.2084
3851,31.3742
3852,33.0509
3853,35.0335
3854,34.6200
3855,34.6544
3856,37.0901
3857,34.4594
3858,33.6507
3859,31.5522
3860,34.0919
3861,32.8941
3862,35.0123
3863,34.6935
3864,34.2358
3865,42.7827
3866,34.8941
3867,32.0941
3868,35.6248
3869,33.3553
3870,34.7624
3871,34.8791
3872,33.0378
3873,35.3902
3874,33.9162
3875,49.1776
3876,36.9450
3877,38.7491
3878,34.5503
3879,35.4589
3880,34.9815
3881,34.7090
3882,34.6026
3883,36.3978
3884,35.7450
3885,34.8911
3886,34.4131
3887,35.5333
3888,36.1267
3889,36.4538
3890,33.6532
3891,35.7017
3892,37.3161
3893,40.5121
3894,36.4656
3895,36.6530
3896,34.6659
3897,35.9968
3898,33.7023
3899,36.8245
3900,62.2959
3901,47.4670
3902,39.9312
3903,37.0850
3904,37.5875
3905,40.2424
3906,45.1779
3907,34.9803
3908,35.9458
3909,35.4828
3910,35.3346
3911,36.1977
3912,42.5584
3913,40.0303
3914,37.5930
3915,39.3571
3916,36.7743
3917,37.5887
3918,35.9179
3919,38.6308
3920,37.7294
3921,35.8578
3922,37.8623
3923,38.8711
3924,37.3274
3925,36.2690
3926,39.4445
3927,36.7727
3928,38.7876
3929,36.0915
3930,34.8435
3931,36.8582
3932,35.8302
3933,34.8260
3934,36.5414
3935,37.0041
3936,34.7280
3937,40.7665
3938,34.1385
3939,34.7065
3940,34.1701
3941,33.9658
3942,32.2312
3943,35.7248
3944,34.6102
3945,35.7780
3946,35.0945
3947,40.7971
3948,31.9431
3949,34.5900
3950,34.3611
3951,36.0309
3952,34.0942
3953,37.2583
3954,34.9947
3955,34.5714
3956,37.1868
3957,36.3458
3958,34.8224
3959,33.0404
3960,36.1938
3961,33.5143
3962,35.8121
3963,34.0529
3964,36.3276
3965,36.9203
3966,37.1555
3967,33.2655
3968,35.1245
3969,34.5123
3970,34.2679
3971,34.2812
3972,35.5087
3973,35.1126
3974,35.2178
3975,32.9396
3976,38.1901
3977,35.2491
3978,40.5842
3979,32.7616
3980,34.9091
3981,35.9579
3982,38.7372
3983,37.2616
3984,37.2867
3985,31.8393
3986,32.4884
3987,32.3043
3988,32.9720
3989,32.2347
3990,34.8770
3991,33.1996
3992,34.6977
3993,32.9760
3994,35.4432
3995,35.6585
3996,34.2098
3997,36.0904
3998,34.6246
3999,42.9610
4000,40.3614
4001,39.9026
4002,41.6197
4003,39.3866
4004,39.3235
4005,37.9169
4006,40.7678
4007,43.1545
4008,39.6560
4009,41.1779
4010,40.0668
4011,39.0692
4012,37.8470
4013,39.4335
4014,40.8189
4015,39.7669
4016,39.6634
4017,37.8953
4018,39.2658
4019,38.5724
4020,36.7913
4021,36.2773
4022,36.2976
4023,38.3982
4024,40.9527
4025,39.5664
4026,36.9704
4027,38.0105
4028,40.2513
4029,38.6649
4030,36.6929
4031,40.3886
4032,46.1944
4033,37.1617
4034,38.0755
4035,38.2554
4036,40.2995
4037,40.3130
4038,37.3123
4039,38.4946
4040,42.6068
4041,39.9184
4042,40.0096
4043,39.0310
4044,37.6219
4045,40.2921
4046,39.0566
4047,41.1884
4048,36.8741
4049,41.1299
4050,38.1469
4051,36.3570
4052,36.5270
4053,41.0465
4054,36.4891
4055,38.5908
4056,40.7241
4057,37.7038
4058,36.9010
4059,38.9965
4060,38.9231
4061,37.4809
4062,37.1935
4063,36.5462
4064,36.4521
4065,36.6681
4066,36.7729
4067,38.4690
4068,37.6003
4069,37.0589
4070,38.7703
4071,39.2579
4072,38.0487
4073,37.7246
4074,38.0669
4075,36.7839
4076,44.1564
4077,39.9965
4078,37.3800
4079,39.0797
4080,38.3174
4081,39.5429
4082,38.0201
4083,38.1216
4084,40.2734
4085,37.8803
4086,38.1699
4087,37.1028
4088,39.2952
4089,36.8625
4090,37.4736
4091,37.1700
4092,38.3321
4093,38.3379
4094,37.6610
4095,37.7684
4096,37.4260
4097,44.1845
4098,38.9397
4099,41.5243
4100,40.9509
4101,40.0112
4102,38.5579
4103,36.3346
4104,36.7657
4105,37.3545
4106,38.9389
4107,38.8128
4108,41.2873
4109,31.7908
4110,37.8528
4111,38.8082
4112,38.7930
4113,35.4419
4114,39.0060
4115,38.9902
4116,37.3847
4117,36.7907
4118,38.0611
4119,31.6021
4120,36.6329
4121,38.2823
4122,36.8900
4123,32.4542
4124,39.6738
4125,34.4745
4126,36.4710
4127,32.9128
4128,30.8772
4129,36.2131
4130,32.5294
4131,35.6441
4132,33.1845
4133,35.1077
4134,31.8905
4135,40.3686
4136,32.3729
4137,33.0158
4138,32.4166
4139,35.1067
4140,32.3207
4141,34.7834
4142,31.7194
4143,34.5430
4144,34.0622
4145,31.3626
4146,32.1067
4147,40.7096
4148,39.0370
4149,32.4979
4150,31.3179
4151,32.7636
4152,39.4222
4153,33.3195
4154,31.2702
4155,37.1838
4156,31.8502
4157,32.4532
4158,32.1944
4159,31.8280
4160,32.0705
4161,31.1836
4162,38.2769
4163,31.9655
4164,31.0283
4165,31.3439
4166,33.2825
4167,31.5229
4168,31.8034
4169,39.6669
4170,32.0492
4171,30.8312
4172,33.9658
4173,31.8487
4174,30.8735
4175,33.9293
4176,33.0739
4177,30.1159
4178,30.2444
4179,34.4442
4180,32.3774
4181,30.9758
4182,39.2538
4183,34.0636
4184,32.8068
4185,33.7163
4186,33.5947
4187,34.9505
4188,35.8018
4189,33.7670
4190,35.0266
4191,31.1855
4192,33.5927
4193,29.8456
4194,32.1865
4195,33.2162
4196,41.1227
4197,34.8837
4198,32.8134
4199,32.5476
4200,35.7675
4201,31.2776
4202,34.5086
4203,32.5626
4204,32.3283
4205,32.5213
4206,33.4314
4207,29.6558
4208,34.3660
4209,33.9164
4210,30.6089
4211,30.2205
4212,31.7075
4213,33.9165
4214,34.5489
4215,31.9149
4216,30.6450
4217,31.9773
4218,29.6432
4219,30.2017
4220,30.7545
4221,31.8761
4222,37.5885
4223,31.0681
4224,31.6506
4225,33.1565
4226,30.2444
4227,34.1259
4228,31.5278
4229,35.6494
4230,30.7882
4231,36.5609
4232,31.9748
4233,32.0188
4234,40.3818
4235,33.7415
4236,34.4473
4237,36.1141
4238,34.6708
4239,38.3898
4240,36.8353
4241,35.9068
4242,33.4882
4243,35.4992
4244,33.7281
4245,36.1699
4246,39.6837
4247,41.8211
4248,35.1639
4249,42.9234
4250,36.5238
4251,41.0259
4252,37.0184
4253,41.5764
4254,44.7108
4255,42.3106
4256,39.2416
4257,38.3166
4258,44.5422
4259,39.7974
4260,38.9275
4261,49.7216
4262,39.4072
4263,40.4460
4264,42.1283
4265,38.5402
4266,36.3500
4267,34.1790
4268,35.0627
4269,41.6627
4270,38.9571
4271,36.1081
4272,33.8600
4273,32.2727
4274,32.1483
4275,32.5623
4276,34.1000
4277,30.0658
4278,30.5446
4279,31.5075
4280,32.2768
4281,31.6448
4282,36.0907
4283,32.8102
4284,32.0931
4285,32.2666
4286,33.3295
4287,30.4234
4288,31.7148
4289,30.7211
4290,35.1082
4291,32.5704
4292,32.2135
4293,31.4109
4294,31.9810
4295,31.9751
4296,33.5473
4297,32.2990
4298,31.1712
4299,28.9990
4300,31.7028
4301,31.4016
4302,33.5802
4303,32.5141
4304,31.5503
4305,32.7227
4306,31.5389
4307,30.4094
4308,31.3842
4309,30.7158
4310,30.7262
4311,33.1370
4312,31.7281
4313,31.0926
4314,31.6024
4315,32.5001
4316,31.9458
4317,29.6483
4318,31.7569
4319,30.8840
4320,32.5305
4321,30.5981
4322,30.9234
4323,31.7612
4324,31.0443
4325,32.1633
4326,30.3635
4327,29.6380
4328,30.7501
4329,34.5449
4330,30.6226
4331,31.3765
4332,31.3709
4333,32.9530
4334,32.0489
4335,30.0119
4336,29.9723
4337,32.5636
4338,32.0862
4339,30.7719
4340,40.9607
4341,36.2314
4342,39.2025
4343,38.7308
4344,34.9966
4345,36.8029
4346,37.5276
4347,36.6814
4348,33.0762
4349,34.5994
4350,31.9141
4351,32.7252
4352,31.9408
4353,33.7004
4354,32.6302
4355,33.9482
4356,30.3980
4357,34.5534
4358,29.8905
4359,33.7136
4360,33.6190
4361,33.9155
4362,35.9929
4363,31.2142
4364,29.2238
4365,33.5681
4366,30.6376
4367,32.6627
4368,31.1375
4369,33.0694
4370,31.9857
4371,41.4249
4372,29.4961
4373,30.7568
4374,30.6317
4375,30.3328
4376,30.3224
4377,29.9075
4378,31.2744
4379,38.1579
4380,31.0275
4381,31.0098
4382,30.5568
4383,30.3979
4384,31.5048
4385,30.1123
4386,30.7883
4387,30.6755
4388,30.5185
4389,31.5265
4390,30.4863
4391,31.1296
4392,29.1534
4393,30.1614
4394,32.2925
4395,37.0393
4396,29.9161
4397,29.6527
4398,29.7228
4399,29.9731
4400,33.3766
4401,32.0256
4402,33.5601
4403,31.5176
4404,29.9379
4405,37.1976
4406,30.8025
4407,30.2539
4408,29.6293
4409,29.1798
4410,28.7880
4411,28.5809
4412,30.7390
4413,28.9651
4414,33.5207
4415,34.1747
4416,29.1364
4417,26.7498
4418,32.5408
4419,28.8234
4420,33.6520
4421,27.7159
4422,35.0812
4423,27.1741
4424,26.9438
4425,29.1073
4426,27.4703
4427,28.7995
4428,35.9401
4429,34.1253
4430,28.7488
4431,30.8737
4432,29.1667
4433,33.3470
4434,30.9648
4435,29.5071
4436,30.0818
4437,29.1420
4438,30.0626
4439,30.1101
4440,37.8415
4441,34.4959
4442,29.9227
4443,28.7168
4444,32.9230
4445,30.8261
4446,34.0742
4447,34.7109
4448,35.3241
4449,29.6620
4450,29.9086
4451,29.1199
4452,30.6020
4453,30.8969
4454,35.4859
4455,33.0500
4456,29.9379
4457,29.0088
4458,30.0765
4459,29.3293
4460,30.4808
4461,30.3175
4462,31.1702
4463,35.6820
4464,29.2378
4465,29.7650
4466,31.4326
4467,29.5324
4468,28.5527
4469,30.6681
4470,35.5901
4471,31.4608
4472,28.6851
4473,30.2800
4474,28.4036
4475,30.9031
4476,29.7856
4477,30.1095
4478,29.6209
4479,31.0840
4480,30.2920
4481,35.0227
4482,28.9615
4483,29.8605
4484,29.2997
4485,30.2768
4486,29.8803
4487,29.8546
4488,30.1319
4489,31.2118
4490,31.5716
4491,36.9942
4492,29.6150
4493,29.9188
4494,30.5053
4495,31.9446
4496,30.3780
4497,34.4938
4498,31.6791
4499,38.1901
4500,30.7929
4501,32.7027
4502,31.3207
4503,31.0614
4504,31.7469
4505,31.8699
4506,31.4677
4507,30.7586
4508,31.5195
4509,30.3968
4510,30.0019
4511,29.5984
4512,29.4341
4513,30.2441
4514,30.3981
4515,30.2443
4516,31.4374
4517,30.3784
4518,29.8654
4519,31.3406
4520,29.4133
4521,30.8208
4522,29.2900
4523,29.3823
4524,30.0354
4525,29.7372
4526,29.4442
